{
  "accuracy": [
    0.75,
    0.8999999761581421,
    0.800000011920929,
    0.8999999761581421,
    1.0,
    0.800000011920929
  ],
  "loss": [
    0.4837542474269867,
    0.5182656049728394,
    0.45249852538108826,
    0.23398201167583466,
    0.1591711938381195,
    0.5084112286567688
  ],
  "val_accuracy": [
    1.0,
    1.0,
    1.0,
    1.0,
    1.0,
    1.0
  ],
  "val_loss": [
    0.08080606907606125,
    0.0730743408203125,
    0.0671396404504776,
    0.06436088681221008,
    0.061808209866285324,
    0.06044997647404671
  ],
  "learning_rate": [
    9.999999747378752e-06,
    9.999999747378752e-06,
    9.999999747378752e-06,
    4.999999873689376e-06,
    4.999999873689376e-06,
    2.499999936844688e-06
  ]
}